LoVoCCSID,parent_LoVoCCSID,Name,cent_im_ra,cent_im_dec,redshift,MCXC_R500,MCXC_RA,MCXC_DEC,manual_xray_ra,manual_xray_dec,ICM_CENT_INIT_NOTES,MXCX_Lx500_0.1_2.4,name,ang_prop_ratio
0,0,A2142,239.5858,27.2269,0.0894,1.3803,239.5858,27.2269,,,mcxc cent,1.0676087e+45,LoVoCCS-0,98.96555426546402
3,3,A1795,207.2208,26.5956,0.0622,1.2236,207.2208,26.5956,,,mcxc cent,5.478067e+44,LoVoCCS-3,71.02123198698102
6A,6,A2069South,231.0347497,29.8851381,0.1145,1.1292,231.0408,29.9211,231.0347497,29.8851381,offcent,4.263016e+44,LoVoCCS-6A,123.23762876987452
6B,6,A2069North,231.0954769,30.0109148,0.1145,1.1292,231.0408,29.9211,231.0954769,30.0109148,,4.263016e+44,LoVoCCS-6B,123.23762876987452
8,8,A2244,255.6788,34.0619,0.0953,1.1295,255.6788,34.0619,,,mcxc cent,4.045226e+44,LoVoCCS-8,104.79786165897636
16,16,A2256,255.9533,78.6444,0.0581,1.1224,255.9533,78.6444,,,"no notes, but looks very diffuse; I think mcxc center should be a good starting point",3.543467e+44,LoVoCCS-16,66.65338302952551
17,17,A2034,227.5488,33.5147,0.113,1.0866,227.5488,33.5147,,,"mcxc cent (no notes, very faint)",3.513114e+44,LoVoCCS-17,121.82616159830899
19,19,A2837,13.1664349,-80.2615992,0.1141,1.0783,13.1871,-80.2664,13.1664349,-80.2615992,offcent (only chandra),3.393306e+44,LoVoCCS-19,122.86171259330483
20,20,MCXC J1558.3-1410,239.5915,-14.1658,0.097,1.0745,239.5967,-14.1678,239.5915,-14.1658,offcent (but mcxc cent is okay),3.1797969999999998e+44,LoVoCCS-20,106.46365931671541
23,23,A2255,258.1967,64.0614,0.0809,1.0678,258.1967,64.0614,,,mcxc cent (a chandra observations looks good),2.9490599999999994e+44,LoVoCCS-23,90.42184402149019
25,25,A1361,175.9151,46.3556,0.1167,1.0344,175.8762,46.3844,175.9151,46.3556,offcent (only chandra),2.7863069999999998e+44,LoVoCCS-25,125.29901155809542
32,32,A2065,230.6248,27.7066,0.0723,1.048,230.6104,27.7094,230.6248,27.7066,offcent (but mcxc cent is still okay),2.627874e+44,LoVoCCS-32,81.60443801687822
34,34,A0007,2.935,32.4169,0.1073,1.0232,2.935,32.4169,,,mcxc cent,2.571958e+44,LoVoCCS-34,116.41801329226449
36,36,MCXC J0736.4+3925,114.1588,39.4141,0.1177,1.0128,114.1058,39.4333,114.1588,39.4141,offcent (need to double-check; spikey psf),2.5180689999999998e+44,LoVoCCS-36,126.23257040584448
37,37,A4010,352.8095,-36.5103,0.0957,1.0172,352.8029,-36.5067,352.8095,-36.5103,offcent (but the mcxc cent is okay),2.419356e+44,LoVoCCS-37,105.1904023274076
38,38,A2110,234.9529,30.7172,0.098,1.0017,234.9529,30.7172,,,mcxc cent (chandra),2.257681e+44,LoVoCCS-38,107.44049192171983
40,40,MCXC J1539.5-8335,234.8913,-83.5922,0.0728,1.0138,234.8913,-83.5922,,,mcxc cent,2.235082e+44,LoVoCCS-40,82.12191809825967
43,43,A1307,173.2138,14.4554,0.0834,0.9927,173.2208,14.4689,173.2138,14.4554,offcent (but the mcxc cent is okay),2.074613e+44,LoVoCCS-43,92.95219058940152
44,44,A3814,327.2808,-30.6986,0.1184,0.9713,327.2808,-30.6986,,,mcxc cent,2.053481e+44,LoVoCCS-44,126.88478912111265
47,47,A2199,247.1583,39.5486,0.0299,1.004,247.1583,39.5486,,,mcxc cent,1.900691e+44,LoVoCCS-47,35.44521784645188
50,50,A2061,230.3208,30.64,0.0777,0.9766,230.3208,30.64,,,mcxc cent (very diffuse and a bit faint),1.884743e+44,LoVoCCS-50,87.16151016879283
52,52,A0496,68.41,-13.2592,0.0326,0.9974,68.41,-13.2592,,,mcxc cent,1.8529899999999998e+44,LoVoCCS-52,38.52377775801577
53,53,MCXC J2344.2-0422,356.0667,-4.3675,0.0786,0.9727,356.0667,-4.3675,,,mcxc cent,1.852614e+44,LoVoCCS-53,88.08092834275855
54,54,ZwCl235,10.9671,24.4019,0.083,0.969,10.9671,24.4019,,,mcxc cent (from chandra; no xmm),1.8395899999999998e+44,LoVoCCS-54,92.5483201709632
56,56,S1101,348.4946,-42.7267,0.0564,0.9802,348.4942,-42.7339,348.4946,-42.7267,offcent (but mcxc cent is still okay),1.811143e+44,LoVoCCS-56,64.83000631853929
57,57,A2721,1.5125,-34.7242,0.1147,0.9486,1.5125,-34.7242,,,mcxc cent,1.8094939999999998e+44,LoVoCCS-57,123.42545748420397
59,59,A2249,257.4533,34.4406,0.0802,0.9644,257.4533,34.4406,,,mcxc cent (looks okay? very diffuse and faint),1.783924e+44,LoVoCCS-59,89.71071369279363
62,62,A2064,230.2171112,48.6605775,0.1076,0.94,230.2271,48.6694,230.2171112,48.6605775,offcent (but mcxc cent is still okay),1.696173e+44,LoVoCCS-62,116.70442269373864
64,64,APMCC 699,325.9929,-56.6264,0.0824,0.9514,325.9929,-56.6264,,,mcxc cent,1.678567e+44,LoVoCCS-64,91.94181188487428
68,68,A2175,245.1321,29.8953,0.0972,0.9376,245.1321,29.8953,,,mcxc cent,1.626729e+44,LoVoCCS-68,106.65920618108983
69,69,A3998,350.4081364,-41.8988073,0.0894,0.9415,350.3892,-41.8989,350.4081364,-41.8988073,offcent (mcxc cent is still okay),1.625536e+44,LoVoCCS-69,98.96555426546402
70,70,A2703,1.3507226,16.2199548,0.1164,0.9218,1.3442,16.2106,1.3507226,16.2199548,offcent (mcxc cent is still okay; looks like a bright star is nearby),1.579007e+44,LoVoCCS-70,125.01852615309694
71,71,A0566,106.1021,63.3161,0.098,0.9312,106.1021,63.3161,,,mcxc cent,1.576739e+44,LoVoCCS-71,107.44049192171983
72,72,A1366,176.1675,67.41,0.1159,0.9197,176.1675,67.41,,,mcxc cent,1.559224e+44,LoVoCCS-72,124.55062134984013
73,73,A2495,342.5875,10.9025,0.0768,0.9401,342.5875,10.9025,,,mcxc cent (from chandra; no xmm),1.558638e+44,LoVoCCS-73,86.24016816426592
77,77,A1302,173.3196,66.3786,0.116,0.9111,173.3196,66.3786,,,mcxc cent,1.489357e+44,LoVoCCS-77,124.64424524925553
78,78,A1775,205.452,26.3724,0.0724,0.9333,205.4742,26.3719,205.452,26.3724,offcent (but mcxc cent is still okay),1.4862899999999998e+44,LoVoCCS-78,81.70798220107608
79,79,MKW 3s,230.465,7.7055,0.0442,0.9473,230.4583,7.7089,230.465,7.7055,offcent (but mcxc cent is still okay),1.482131e+44,LoVoCCS-79,51.52925623389596
81A,81,A0458South,56.4972,-24.2974,0.1057,0.9131,56.4833,-24.2803,56.4972,-24.2974,"offcent (looks like a merger, need to double-check)",1.462214e+44,LoVoCCS-81A,114.88715386073405
81B,81,A0458North,56.454239,-24.2600006,0.1057,0.9131,56.4833,-24.2803,56.454239,-24.2600006,"offcent (looks like a merger, need to double-check)",1.462214e+44,LoVoCCS-81B,114.88715386073405
82,82,A0133,15.6754,-21.8736,0.0569,0.9379,15.6754,-21.8736,,,mcxc cent (obviously projected with higher-z cluster in optical),1.460216e+44,LoVoCCS-82,65.36704672446058
83,83,A2052,229.1833,7.0186,0.0353,0.9465,229.1833,7.0186,,,mcxc cent,1.442058e+44,LoVoCCS-83,41.58275960543705
84,84,A2428,334.0661,-9.3335,0.0825,0.922,334.0646,-9.34,334.0661,-9.3335,offcent (but mcxc cent is still okay),1.438718e+44,LoVoCCS-84,92.0429552008343
86,86,A0119,14.0762,-1.2167,0.0442,0.9413,14.0762,-1.2167,,,mcxc cent (very diffuse and faint; ascs gives a clear image),1.437223e+44,LoVoCCS-86,51.52925623389596
87,87,A0021,5.1521,28.6573,0.094,0.9156,5.1704,28.675,5.1521,28.6573,offcent,1.434697e+44,LoVoCCS-87,103.51959771257734
88,88,RX J0819.6+6336,124.8581,63.6239,0.119,0.9026,124.9129,63.61,124.8581,63.6239,offcent (from chandra; no xmm),1.4343899999999999e+44,LoVoCCS-88,127.44300132532018
91,91,S1111,349.775,-42.1139,0.045,0.9367,349.775,-42.1139,,,mcxc cent (centered at a spikey agn? need to double-check,1.405897e+44,LoVoCCS-91,52.41315657530479
92,92,A0042,7.1535492,-23.6307469,0.112,0.9024,7.1638,-23.6372,7.1535492,-23.6307469,offcent (but mcxc cent is also fine; from chandra; no xmm; very diffuse and kind of faint; bright in rass,1.404549e+44,LoVoCCS-92,120.88247931690276
95,95,A1767,204.0254,59.2078,0.0701,0.9193,204.0254,59.2078,,,mcxc cent (no xmm),1.370998e+44,LoVoCCS-95,79.32035797649853
96,96,UGC 09480,220.5767,22.3047,0.0901,0.9083,220.5767,22.3047,,,mcxc cent,1.364553e+44,LoVoCCS-96,99.66168896393326
97,97,A2147,240.5543,15.9709,0.0353,0.9351,240.5779,16.02,240.5543,15.9709,offfset,1.35838e+44,LoVoCCS-97,41.58275960543705
100,100,A0763,138.1453017,15.999526,0.0851,0.9037,138.1242,15.9431,138.1453017,15.999526,offcent (possible extended X-ray emission to the north of mcxc cent),1.312476e+44,LoVoCCS-100,94.66446903971213
101,101,A2051,229.183475,-0.9686581,0.1198,0.8839,229.1417,-0.9489,229.183475,-0.9686581,offcent (the dec value of the heasarc version of mcxc dropped a minus sign),1.296543e+44,LoVoCCS-101,128.18609117125695
102,102,A1800,207.34,28.1036,0.0748,0.9033,207.34,28.1036,,,mcxc cent,1.273561e+44,LoVoCCS-102,84.18583033193832
103,103,MCXC J0034.6-0208,8.7697123,-2.1379095,0.0812,0.8972,8.65,-2.14,8.7697123,-2.1379095,complex field with 7 components,1.2537229999999999e+44,LoVoCCS-103,90.72626080071538
104,104,A2149,240.3475,53.9061,0.1068,0.8822,240.3475,53.9061,,,mcxt cent (seems okay? only has rass coverage; need to double-check),1.238344e+44,LoVoCCS-104,115.94022489166117
105,105,A0013,3.4067637,-19.5003414,0.094,0.8883,3.4096,-19.5022,3.4067637,-19.5003414,offcent (but mcxc cent is pretty good; do we really an improved initial cent?),1.236332e+44,LoVoCCS-105,103.51959771257734
106A,106,SH518North,8.5579,-2.0753,0.0822,0.8933,8.5579,-2.0753,,,mcxc cent (close to lovoccs-103),1.230023e+44,LoVoCCS-106A,91.7394548811089
106B,106,SH518South,8.5438618,-2.1784275,0.0822,0.8933,8.5579,-2.0753,8.5438618,-2.1784275,DOESN'T NECESSARILY HAVE THE SAME REDSHIFT AS 106A,1.230023e+44,LoVoCCS-106B,91.7394548811089
107,107,A4068,359.9821,-39.4797,0.1024,0.8826,359.9821,-39.4797,,,mcxc cent,1.22609e+44,LoVoCCS-107,111.71189589543852
109,109,A2566,349.0235,-20.4635,0.0822,0.8906,349.0312,-20.4553,349.0235,-20.4635,offcent,1.211831e+44,LoVoCCS-109,91.7394548811089
110,110,S0405,57.7871,-82.2167,0.0613,0.8992,57.7871,-82.2167,,,mcxc cent,1.200899e+44,LoVoCCS-110,70.06601773226414
111,111,A0923,151.6646,25.91,0.1162,0.8715,151.6646,25.91,,,mcxc cent (only rass/erass),1.197113e+44,LoVoCCS-111,124.83142862881898
112,112,A1927,217.7796,25.6389,0.0908,0.8833,217.7796,25.6389,,,mcxc cent (no xxm),1.191519e+44,LoVoCCS-112,100.35669759393892
113,113,A0580,111.4876808,41.3858877,0.112,0.8697,111.5021,41.3822,111.4876808,41.3858877,offcent (from swift),1.1714769999999999e+44,LoVoCCS-113,120.88247931690276
114,114,A2988,33.227234,-47.1458083,0.115,0.8668,33.2246,-47.1328,33.227234,-47.1458083,offcent (from erass; no xmm; chandra obs is partially covered),1.162194e+44,LoVoCCS-114,123.70703896402105
115,115,A2871,16.9608704,-36.7208237,0.1186,0.8642,16.9546,-36.7272,16.9608704,-36.7208237,offcent (from erass; no xmm/chandra),1.156778e+44,LoVoCCS-115,127.07094516490614
116,116,MCXC J1332.9-2519,203.2103,-25.3217,0.1199,0.861,203.2325,-25.3239,,,CAN'T SEE MUCH OF AN X-RAY DETECTION - CAN'T UPDATE CENT BECAUSE NO MODERN X-RAY,1.139833e+44,LoVoCCS-116,128.27888165224962
117,117,A2063,230.7725,8.6025,0.0355,0.902,230.7725,8.6025,,,mcxc cent,1.138819e+44,LoVoCCS-117,41.80857605740958
118,118,A2241,254.9367,32.6136,0.1013,0.8673,254.9367,32.6136,,,mcxc cent,1.121587e+44,LoVoCCS-118,110.64810258309183
120,120,A2415,331.4113449,-5.5917691,0.0582,0.8862,331.4187,-5.5933,331.4113449,-5.5917691,offcent,1.1086359999999999e+44,LoVoCCS-120,66.76041480766538
124,124,A1205,168.3448209,2.5395706,0.078,0.8736,168.3363,2.5322,168.3448209,2.5395706,offcent (but the mcxc cent is okay),1.090082e+44,LoVoCCS-124,87.46819642403514
125,125,Zw 0755.8+5408,119.9283,54.0017,0.1032,0.861,119.9283,54.0017,,,mcxc cent (no xmm),1.0880099999999999e+44,LoVoCCS-125,112.4838723795484
126,126,A2734,2.8363,-28.855,0.062,0.8807,2.8363,-28.855,,,mcxc cent,1.086002e+44,LoVoCCS-126,70.80913565787965
127,127,A2377,326.4875744,-10.1079567,0.0808,0.8715,326.4783,-10.1044,326.4875744,-10.1079567,offcent (but mcxc cent is okay),1.085118e+44,LoVoCCS-127,90.32032467197041
128,128,RBS 0540,66.4642,-8.5592,0.0397,0.8905,66.4642,-8.5592,,,mcxc cent,1.0807139999999999e+44,LoVoCCS-128,46.52619626500817
129,129,ZwCl9077,357.6408134,29.5019899,0.095,0.8629,357.6442,29.5311,357.6408134,29.5019899,offcent (from rosat; no xmm/chandra),1.074818e+44,LoVoCCS-129,104.50321816653084
130,130,A1190,167.9104,40.8425,0.0794,0.8687,167.9104,40.8425,,,mcxc cent,1.06392e+44,LoVoCCS-130,88.89657760802665
132,132,A0272,28.7896,33.9222,0.0872,0.863,28.7896,33.9222,,,mcxc cent (maybe bimodal X-ray? MORE LIKELY A BRIGHT X-RAY PNT SOURCE IN XMM),1.052481e+44,LoVoCCS-132,96.77034810004969
133,133,A4067,359.7715,-60.6087,0.0989,0.8572,359.83,-60.7,359.7715,-60.6087,offcent (very big),1.051539e+44,LoVoCCS-133,108.31771671377179
135,135,A1809,208.2568803,5.1377919,0.0788,0.8657,208.2542,5.155,208.2568803,5.1377919,offcent (mcxc cent is also okay),1.044658e+44,LoVoCCS-135,88.28498269644818
136,136,A0104,12.4572,24.4529,0.0815,0.8641,12.4521,24.4411,12.4572,24.4529,offcent (flared),1.04296e+44,LoVoCCS-136,91.0304658076122
137,137,A4038,356.93,-28.1414,0.03,0.8863,356.93,-28.1414,,,mcxc cent,1.029501e+44,LoVoCCS-137,35.559589430946865
138,138,A3104,48.5954,-45.4173,0.0718,0.8662,48.5825,-45.4242,48.5954,-45.4173,offcent (but mcxc cent is also fine),1.027456e+44,LoVoCCS-138,81.08635551315405
139,139,A1885,213.4313,43.6633,0.089,0.8573,213.4313,43.6633,,,mcxc cent,1.02386e+44,LoVoCCS-139,98.56725662453816
140,140,MCXC J2125.2-0657,321.3017,-6.9656,0.1153,0.8438,321.3017,-6.9656,,,mcxc cent (only rass),1.018847e+44,LoVoCCS-140,123.98842666784023
141A,141,A1831South,209.815,27.978,0.0612,0.8693,209.8229,27.9728,209.815,27.978,offcent,1.0165559999999999e+44,LoVoCCS-141A,69.9597587931901
141B,141,A1831North,209.7861973,28.0229219,0.0612,0.8693,209.8229,27.9728,209.7861973,28.0229219,offcent,1.0165559999999999e+44,LoVoCCS-141B,69.9597587931901
142,142,A0514,72.0508,-20.4697,0.072,0.862,72.0508,-20.4697,,,"mcxc cent (complex structure; we might treat like A3667, not split it into components)",1.0040219999999999e+44,LoVoCCS-142,81.29366085707365
143,143,A2589,350.9903,16.777,0.0416,0.876,350.9729,16.8089,350.9903,16.777,offcent,1.002026e+44,LoVoCCS-143,48.64506543461377
144,144,MCXC J1416.8-1158,214.2081422,-11.9826436,0.0982,0.8491,214.2146,-11.9761,214.2081422,-11.9826436,offcent (from chandra; no xmm; might not be a cluster),1.0016479999999999e+44,LoVoCCS-144,107.63558816452793
145,145,MCXC J1459.0-0843,224.770092,-8.7086346,0.1043,0.8461,224.7646,-8.725,224.770092,-8.7086346,offcent (but the mcxc cent is okay),1.001337e+44,LoVoCCS-145,113.54302047756937
146,146,A0084,10.4462,21.4139,0.1014,0.8473,10.4462,21.4139,,,mcxc cent (cannot conclude this is a cluster),1.0000119999999999e+44,LoVoCCS-146,110.7449225159453
